,program_name,analysis_name,instrumentation,platform,mean,std,median
0,factorial,forward,baseline,wasmer,38705326.2,32854675.529647898,31576803.0
1,factorial,forward,baseline,wasmtime,158612.7,32274.80871173286,146905.5
2,factorial,forward,baseline,wizard,17213382.2,2529674.3596681124,16465267.5
3,factorial,forward,disabled,wasmer,32743395.6,27414572.714405555,26472739.5
4,factorial,forward,disabled,wasmtime,39107.8,1878.778847521636,38395.0
5,factorial,forward,disabled,wizard,15401702.3,3340015.734652444,13748945.0
6,factorial,forward,enabled,wasmer,34471819.25,26158514.115816817,28515154.0
7,factorial,forward,enabled,wasmtime,123199.35,19108.75017333269,117296.0
8,factorial,forward,enabled,wizard,19043926.3,5421469.788532483,16659006.5
9,factorial,generic-apply,baseline,wasmer,31769333.95,18848649.400743417,27228054.0
10,factorial,generic-apply,baseline,wasmtime,139428.15,48538.81489919609,128595.5
11,factorial,generic-apply,baseline,wizard,7397192.3,1252673.7699011788,7170141.5
12,factorial,generic-apply,disabled,wasmer,27371261.7,15412698.560196154,22339213.5
13,factorial,generic-apply,disabled,wasmtime,44990.25,8635.001611403866,41820.0
14,factorial,generic-apply,disabled,wizard,9713555.15,2461917.3016578658,9007387.0
15,factorial,generic-apply,enabled,wasmer,26562283.65,16493012.528981207,22504984.0
16,factorial,generic-apply,enabled,wasmtime,84246.0,16325.21641671655,83020.5
17,factorial,generic-apply,enabled,wizard,8053064.8,2051976.1433367124,7377135.5
18,factorial,,uninstrumented,wasmer,28428834.15,38799860.83406189,20064097.0
19,factorial,,uninstrumented,wasmtime,75453.85,19729.190881754832,67560.5
20,factorial,,uninstrumented,wizard,4026961.325,1568791.590472145,3652131.0
21,rfxgen,forward,baseline,wasmer,4640793255.9,616345414.7552924,4504412268.5
22,rfxgen,forward,baseline,wasmtime,4833881943.9,263761880.97028726,4767506446.0
23,rfxgen,forward,baseline,wizard,85464310434.6,3258713918.2792735,84496630043.0
24,rfxgen,forward,disabled,wasmer,280732594.6,505595274.57226235,167468711.0
25,rfxgen,forward,disabled,wasmtime,67774503.95,1470642.2003365352,67301586.0
26,rfxgen,forward,disabled,wizard,964214170.95,18661733.27523744,966877409.5
27,rfxgen,forward,enabled,wasmer,4418752273.8,514253869.0222504,4290189882.0
28,rfxgen,forward,enabled,wasmtime,4354645757.1,104865204.19778733,4327989087.0
29,rfxgen,forward,enabled,wizard,78883275031.05,306126692.0972885,78797647317.5
30,rfxgen,generic-apply,baseline,wasmer,211430250.55,106370571.17458583,188204221.5
31,rfxgen,generic-apply,baseline,wasmtime,145063937.8,6313680.814690979,145416935.0
32,rfxgen,generic-apply,baseline,wizard,3066211515.4,47019631.08451401,3071800441.5
33,rfxgen,generic-apply,disabled,wasmer,167808769.8,138219826.94470647,137481240.0
34,rfxgen,generic-apply,disabled,wasmtime,67521708.3,3965667.2236166215,65434636.5
35,rfxgen,generic-apply,disabled,wizard,957788322.25,17041354.82529884,955605460.5
36,rfxgen,generic-apply,enabled,wasmer,236425801.75,133806618.74655987,206171724.0
37,rfxgen,generic-apply,enabled,wasmtime,127526060.45,1303559.743298919,127442549.5
38,rfxgen,generic-apply,enabled,wizard,3109282915.15,25634111.477683555,3106867018.0
39,rfxgen,,uninstrumented,wasmer,123078717.525,11840036.711338067,121995285.0
40,rfxgen,,uninstrumented,wasmtime,76316423.475,10770118.01215709,75544116.5
41,rfxgen,,uninstrumented,wizard,907077653.075,63295788.97018234,903132143.5
